system:index,Ano,Latitude,Longitude,Munic√≠pio,Perfil,.geo
0_0,1985,-10,87558333333330000,-49,TO-01,"{""type"":""Point"",""coordinates"":[121.27465719587615,-10.0]}"
0_1,1986,-10,87558333333330000,-49,TO-01,"{""type"":""Point"",""coordinates"":[121.27465719587615,-10.0]}"
0_2,1987,-10,87558333333330000,-49,TO-01,"{""type"":""Point"",""coordinates"":[121.27465719587615,-10.0]}"
0_3,1988,-10,87558333333330000,-49,TO-01,"{""type"":""Point"",""coordinates"":[121.27465719587615,-10.0]}"
0_4,1989,-10,87558333333330000,-49,TO-01,"{""type"":""Point"",""coordinates"":[121.27465719587615,-10.0]}"
0_5,1990,-10,87558333333330000,-49,TO-01,"{""type"":""Point"",""coordinates"":[121.27465719587615,-10.0]}"
0_6,1991,-10,87558333333330000,-49,TO-01,"{""type"":""Point"",""coordinates"":[121.27465719587615,-10.0]}"
0_7,1992,-10,87558333333330000,-49,TO-01,"{""type"":""Point"",""coordinates"":[121.27465719587615,-10.0]}"
0_8,1993,-10,87558333333330000,-49,TO-01,"{""type"":""Point"",""coordinates"":[121.27465719587615,-10.0]}"
0_9,1994,-10,87558333333330000,-49,TO-01,"{""type"":""Point"",""coordinates"":[121.27465719587615,-10.0]}"
0_10,1995,-10,87558333333330000,-49,TO-01,"{""type"":""Point"",""coordinates"":[121.27465719587615,-10.0]}"
0_11,1996,-10,87558333333330000,-49,TO-01,"{""type"":""Point"",""coordinates"":[121.27465719587615,-10.0]}"
0_12,1997,-10,87558333333330000,-49,TO-01,"{""type"":""Point"",""coordinates"":[121.27465719587615,-10.0]}"
0_13,1998,-10,87558333333330000,-49,TO-01,"{""type"":""Point"",""coordinates"":[121.27465719587615,-10.0]}"
0_14,1999,-10,87558333333330000,-49,TO-01,"{""type"":""Point"",""coordinates"":[121.27465719587615,-10.0]}"
0_15,2000,-10,87558333333330000,-49,TO-01,"{""type"":""Point"",""coordinates"":[121.27465719587615,-10.0]}"
0_16,2001,-10,87558333333330000,-49,TO-01,"{""type"":""Point"",""coordinates"":[121.27465719587615,-10.0]}"
0_17,2002,-10,87558333333330000,-49,TO-01,"{""type"":""Point"",""coordinates"":[121.27465719587615,-10.0]}"
0_18,2003,-10,87558333333330000,-49,TO-01,"{""type"":""Point"",""coordinates"":[121.27465719587615,-10.0]}"
0_19,2004,-10,87558333333330000,-49,TO-01,"{""type"":""Point"",""coordinates"":[121.27465719587615,-10.0]}"
0_20,2005,-10,87558333333330000,-49,TO-01,"{""type"":""Point"",""coordinates"":[121.27465719587615,-10.0]}"
0_21,2006,-10,87558333333330000,-49,TO-01,"{""type"":""Point"",""coordinates"":[121.27465719587615,-10.0]}"
0_22,2007,-10,87558333333330000,-49,TO-01,"{""type"":""Point"",""coordinates"":[121.27465719587615,-10.0]}"
0_23,2008,-10,87558333333330000,-49,TO-01,"{""type"":""Point"",""coordinates"":[121.27465719587615,-10.0]}"
0_24,2009,-10,87558333333330000,-49,TO-01,"{""type"":""Point"",""coordinates"":[121.27465719587615,-10.0]}"
0_25,2010,-10,87558333333330000,-49,TO-01,"{""type"":""Point"",""coordinates"":[121.27465719587615,-10.0]}"
0_26,2011,-10,87558333333330000,-49,TO-01,"{""type"":""Point"",""coordinates"":[121.27465719587615,-10.0]}"
0_27,2012,-10,87558333333330000,-49,TO-01,"{""type"":""Point"",""coordinates"":[121.27465719587615,-10.0]}"
0_28,2013,-10,87558333333330000,-49,TO-01,"{""type"":""Point"",""coordinates"":[121.27465719587615,-10.0]}"
0_29,2014,-10,87558333333330000,-49,TO-01,"{""type"":""Point"",""coordinates"":[121.27465719587615,-10.0]}"
0_30,2015,-10,87558333333330000,-49,TO-01,"{""type"":""Point"",""coordinates"":[121.27465719587615,-10.0]}"
0_31,2016,-10,87558333333330000,-49,TO-01,"{""type"":""Point"",""coordinates"":[121.27465719587615,-10.0]}"
0_32,2017,-10,87558333333330000,-49,TO-01,"{""type"":""Point"",""coordinates"":[121.27465719587615,-10.0]}"
0_33,2018,-10,87558333333330000,-49,TO-01,"{""type"":""Point"",""coordinates"":[121.27465719587615,-10.0]}"
0_34,2019,-10,87558333333330000,-49,TO-01,"{""type"":""Point"",""coordinates"":[121.27465719587615,-10.0]}"
0_35,2020,-10,87558333333330000,-49,TO-01,"{""type"":""Point"",""coordinates"":[121.27465719587615,-10.0]}"
1_0,1985,-10,76752777777780000,-49,TO-02,"{""type"":""Point"",""coordinates"":[123.49602915960833,-10.0]}"
1_1,1986,-10,76752777777780000,-49,TO-02,"{""type"":""Point"",""coordinates"":[123.49602915960833,-10.0]}"
1_2,1987,-10,76752777777780000,-49,TO-02,"{""type"":""Point"",""coordinates"":[123.49602915960833,-10.0]}"
1_3,1988,-10,76752777777780000,-49,TO-02,"{""type"":""Point"",""coordinates"":[123.49602915960833,-10.0]}"
1_4,1989,-10,76752777777780000,-49,TO-02,"{""type"":""Point"",""coordinates"":[123.49602915960833,-10.0]}"
1_5,1990,-10,76752777777780000,-49,TO-02,"{""type"":""Point"",""coordinates"":[123.49602915960833,-10.0]}"
1_6,1991,-10,76752777777780000,-49,TO-02,"{""type"":""Point"",""coordinates"":[123.49602915960833,-10.0]}"
1_7,1992,-10,76752777777780000,-49,TO-02,"{""type"":""Point"",""coordinates"":[123.49602915960833,-10.0]}"
1_8,1993,-10,76752777777780000,-49,TO-02,"{""type"":""Point"",""coordinates"":[123.49602915960833,-10.0]}"
1_9,1994,-10,76752777777780000,-49,TO-02,"{""type"":""Point"",""coordinates"":[123.49602915960833,-10.0]}"
1_10,1995,-10,76752777777780000,-49,TO-02,"{""type"":""Point"",""coordinates"":[123.49602915960833,-10.0]}"
1_11,1996,-10,76752777777780000,-49,TO-02,"{""type"":""Point"",""coordinates"":[123.49602915960833,-10.0]}"
1_12,1997,-10,76752777777780000,-49,TO-02,"{""type"":""Point"",""coordinates"":[123.49602915960833,-10.0]}"
1_13,1998,-10,76752777777780000,-49,TO-02,"{""type"":""Point"",""coordinates"":[123.49602915960833,-10.0]}"
1_14,1999,-10,76752777777780000,-49,TO-02,"{""type"":""Point"",""coordinates"":[123.49602915960833,-10.0]}"
1_15,2000,-10,76752777777780000,-49,TO-02,"{""type"":""Point"",""coordinates"":[123.49602915960833,-10.0]}"
1_16,2001,-10,76752777777780000,-49,TO-02,"{""type"":""Point"",""coordinates"":[123.49602915960833,-10.0]}"
1_17,2002,-10,76752777777780000,-49,TO-02,"{""type"":""Point"",""coordinates"":[123.49602915960833,-10.0]}"
1_18,2003,-10,76752777777780000,-49,TO-02,"{""type"":""Point"",""coordinates"":[123.49602915960833,-10.0]}"
1_19,2004,-10,76752777777780000,-49,TO-02,"{""type"":""Point"",""coordinates"":[123.49602915960833,-10.0]}"
1_20,2005,-10,76752777777780000,-49,TO-02,"{""type"":""Point"",""coordinates"":[123.49602915960833,-10.0]}"
1_21,2006,-10,76752777777780000,-49,TO-02,"{""type"":""Point"",""coordinates"":[123.49602915960833,-10.0]}"
1_22,2007,-10,76752777777780000,-49,TO-02,"{""type"":""Point"",""coordinates"":[123.49602915960833,-10.0]}"
1_23,2008,-10,76752777777780000,-49,TO-02,"{""type"":""Point"",""coordinates"":[123.49602915960833,-10.0]}"
1_24,2009,-10,76752777777780000,-49,TO-02,"{""type"":""Point"",""coordinates"":[123.49602915960833,-10.0]}"
1_25,2010,-10,76752777777780000,-49,TO-02,"{""type"":""Point"",""coordinates"":[123.49602915960833,-10.0]}"
1_26,2011,-10,76752777777780000,-49,TO-02,"{""type"":""Point"",""coordinates"":[123.49602915960833,-10.0]}"
1_27,2012,-10,76752777777780000,-49,TO-02,"{""type"":""Point"",""coordinates"":[123.49602915960833,-10.0]}"
1_28,2013,-10,76752777777780000,-49,TO-02,"{""type"":""Point"",""coordinates"":[123.49602915960833,-10.0]}"
1_29,2014,-10,76752777777780000,-49,TO-02,"{""type"":""Point"",""coordinates"":[123.49602915960833,-10.0]}"
1_30,2015,-10,76752777777780000,-49,TO-02,"{""type"":""Point"",""coordinates"":[123.49602915960833,-10.0]}"
1_31,2016,-10,76752777777780000,-49,TO-02,"{""type"":""Point"",""coordinates"":[123.49602915960833,-10.0]}"
1_32,2017,-10,76752777777780000,-49,TO-02,"{""type"":""Point"",""coordinates"":[123.49602915960833,-10.0]}"
1_33,2018,-10,76752777777780000,-49,TO-02,"{""type"":""Point"",""coordinates"":[123.49602915960833,-10.0]}"
1_34,2019,-10,76752777777780000,-49,TO-02,"{""type"":""Point"",""coordinates"":[123.49602915960833,-10.0]}"
1_35,2020,-10,76752777777780000,-49,TO-02,"{""type"":""Point"",""coordinates"":[123.49602915960833,-10.0]}"
2_0,1985,-10,14477777777780000,-48,TO-03,"{""type"":""Point"",""coordinates"":[79.57294292841816,-10.0]}"
2_1,1986,-10,14477777777780000,-48,TO-03,"{""type"":""Point"",""coordinates"":[79.57294292841816,-10.0]}"
2_2,1987,-10,14477777777780000,-48,TO-03,"{""type"":""Point"",""coordinates"":[79.57294292841816,-10.0]}"
2_3,1988,-10,14477777777780000,-48,TO-03,"{""type"":""Point"",""coordinates"":[79.57294292841816,-10.0]}"
2_4,1989,-10,14477777777780000,-48,TO-03,"{""type"":""Point"",""coordinates"":[79.57294292841816,-10.0]}"
2_5,1990,-10,14477777777780000,-48,TO-03,"{""type"":""Point"",""coordinates"":[79.57294292841816,-10.0]}"
2_6,1991,-10,14477777777780000,-48,TO-03,"{""type"":""Point"",""coordinates"":[79.57294292841816,-10.0]}"
2_7,1992,-10,14477777777780000,-48,TO-03,"{""type"":""Point"",""coordinates"":[79.57294292841816,-10.0]}"
2_8,1993,-10,14477777777780000,-48,TO-03,"{""type"":""Point"",""coordinates"":[79.57294292841816,-10.0]}"
2_9,1994,-10,14477777777780000,-48,TO-03,"{""type"":""Point"",""coordinates"":[79.57294292841816,-10.0]}"
2_10,1995,-10,14477777777780000,-48,TO-03,"{""type"":""Point"",""coordinates"":[79.57294292841816,-10.0]}"
2_11,1996,-10,14477777777780000,-48,TO-03,"{""type"":""Point"",""coordinates"":[79.57294292841816,-10.0]}"
2_12,1997,-10,14477777777780000,-48,TO-03,"{""type"":""Point"",""coordinates"":[79.57294292841816,-10.0]}"
2_13,1998,-10,14477777777780000,-48,TO-03,"{""type"":""Point"",""coordinates"":[79.57294292841816,-10.0]}"
2_14,1999,-10,14477777777780000,-48,TO-03,"{""type"":""Point"",""coordinates"":[79.57294292841816,-10.0]}"
2_15,2000,-10,14477777777780000,-48,TO-03,"{""type"":""Point"",""coordinates"":[79.57294292841816,-10.0]}"
2_16,2001,-10,14477777777780000,-48,TO-03,"{""type"":""Point"",""coordinates"":[79.57294292841816,-10.0]}"
2_17,2002,-10,14477777777780000,-48,TO-03,"{""type"":""Point"",""coordinates"":[79.57294292841816,-10.0]}"
2_18,2003,-10,14477777777780000,-48,TO-03,"{""type"":""Point"",""coordinates"":[79.57294292841816,-10.0]}"
2_19,2004,-10,14477777777780000,-48,TO-03,"{""type"":""Point"",""coordinates"":[79.57294292841816,-10.0]}"
2_20,2005,-10,14477777777780000,-48,TO-03,"{""type"":""Point"",""coordinates"":[79.57294292841816,-10.0]}"
2_21,2006,-10,14477777777780000,-48,TO-03,"{""type"":""Point"",""coordinates"":[79.57294292841816,-10.0]}"
2_22,2007,-10,14477777777780000,-48,TO-03,"{""type"":""Point"",""coordinates"":[79.57294292841816,-10.0]}"
2_23,2008,-10,14477777777780000,-48,TO-03,"{""type"":""Point"",""coordinates"":[79.57294292841816,-10.0]}"
2_24,2009,-10,14477777777780000,-48,TO-03,"{""type"":""Point"",""coordinates"":[79.57294292841816,-10.0]}"
2_25,2010,-10,14477777777780000,-48,TO-03,"{""type"":""Point"",""coordinates"":[79.57294292841816,-10.0]}"
2_26,2011,-10,14477777777780000,-48,TO-03,"{""type"":""Point"",""coordinates"":[79.57294292841816,-10.0]}"
2_27,2012,-10,14477777777780000,-48,TO-03,"{""type"":""Point"",""coordinates"":[79.57294292841816,-10.0]}"
2_28,2013,-10,14477777777780000,-48,TO-03,"{""type"":""Point"",""coordinates"":[79.57294292841816,-10.0]}"
2_29,2014,-10,14477777777780000,-48,TO-03,"{""type"":""Point"",""coordinates"":[79.57294292841816,-10.0]}"
2_30,2015,-10,14477777777780000,-48,TO-03,"{""type"":""Point"",""coordinates"":[79.57294292841816,-10.0]}"
2_31,2016,-10,14477777777780000,-48,TO-03,"{""type"":""Point"",""coordinates"":[79.57294292841816,-10.0]}"
2_32,2017,-10,14477777777780000,-48,TO-03,"{""type"":""Point"",""coordinates"":[79.57294292841816,-10.0]}"
2_33,2018,-10,14477777777780000,-48,TO-03,"{""type"":""Point"",""coordinates"":[79.57294292841816,-10.0]}"
2_34,2019,-10,14477777777780000,-48,TO-03,"{""type"":""Point"",""coordinates"":[79.57294292841816,-10.0]}"
2_35,2020,-10,14477777777780000,-48,TO-03,"{""type"":""Point"",""coordinates"":[79.57294292841816,-10.0]}"
3_0,1985,-11,53786111111110000,-46,TO-04,"{""type"":""Point"",""coordinates"":[-81.5378706490071,-11.000000000000002]}"
3_1,1986,-11,53786111111110000,-46,TO-04,"{""type"":""Point"",""coordinates"":[-81.5378706490071,-11.000000000000002]}"
3_2,1987,-11,53786111111110000,-46,TO-04,"{""type"":""Point"",""coordinates"":[-81.5378706490071,-11.000000000000002]}"
3_3,1988,-11,53786111111110000,-46,TO-04,"{""type"":""Point"",""coordinates"":[-81.5378706490071,-11.000000000000002]}"
3_4,1989,-11,53786111111110000,-46,TO-04,"{""type"":""Point"",""coordinates"":[-81.5378706490071,-11.000000000000002]}"
3_5,1990,-11,53786111111110000,-46,TO-04,"{""type"":""Point"",""coordinates"":[-81.5378706490071,-11.000000000000002]}"
3_6,1991,-11,53786111111110000,-46,TO-04,"{""type"":""Point"",""coordinates"":[-81.5378706490071,-11.000000000000002]}"
3_7,1992,-11,53786111111110000,-46,TO-04,"{""type"":""Point"",""coordinates"":[-81.5378706490071,-11.000000000000002]}"
3_8,1993,-11,53786111111110000,-46,TO-04,"{""type"":""Point"",""coordinates"":[-81.5378706490071,-11.000000000000002]}"
3_9,1994,-11,53786111111110000,-46,TO-04,"{""type"":""Point"",""coordinates"":[-81.5378706490071,-11.000000000000002]}"
3_10,1995,-11,53786111111110000,-46,TO-04,"{""type"":""Point"",""coordinates"":[-81.5378706490071,-11.000000000000002]}"
3_11,1996,-11,53786111111110000,-46,TO-04,"{""type"":""Point"",""coordinates"":[-81.5378706490071,-11.000000000000002]}"
3_12,1997,-11,53786111111110000,-46,TO-04,"{""type"":""Point"",""coordinates"":[-81.5378706490071,-11.000000000000002]}"
3_13,1998,-11,53786111111110000,-46,TO-04,"{""type"":""Point"",""coordinates"":[-81.5378706490071,-11.000000000000002]}"
3_14,1999,-11,53786111111110000,-46,TO-04,"{""type"":""Point"",""coordinates"":[-81.5378706490071,-11.000000000000002]}"
3_15,2000,-11,53786111111110000,-46,TO-04,"{""type"":""Point"",""coordinates"":[-81.5378706490071,-11.000000000000002]}"
3_16,2001,-11,53786111111110000,-46,TO-04,"{""type"":""Point"",""coordinates"":[-81.5378706490071,-11.000000000000002]}"
3_17,2002,-11,53786111111110000,-46,TO-04,"{""type"":""Point"",""coordinates"":[-81.5378706490071,-11.000000000000002]}"
3_18,2003,-11,53786111111110000,-46,TO-04,"{""type"":""Point"",""coordinates"":[-81.5378706490071,-11.000000000000002]}"
3_19,2004,-11,53786111111110000,-46,TO-04,"{""type"":""Point"",""coordinates"":[-81.5378706490071,-11.000000000000002]}"
3_20,2005,-11,53786111111110000,-46,TO-04,"{""type"":""Point"",""coordinates"":[-81.5378706490071,-11.000000000000002]}"
3_21,2006,-11,53786111111110000,-46,TO-04,"{""type"":""Point"",""coordinates"":[-81.5378706490071,-11.000000000000002]}"
3_22,2007,-11,53786111111110000,-46,TO-04,"{""type"":""Point"",""coordinates"":[-81.5378706490071,-11.000000000000002]}"
3_23,2008,-11,53786111111110000,-46,TO-04,"{""type"":""Point"",""coordinates"":[-81.5378706490071,-11.000000000000002]}"
3_24,2009,-11,53786111111110000,-46,TO-04,"{""type"":""Point"",""coordinates"":[-81.5378706490071,-11.000000000000002]}"
3_25,2010,-11,53786111111110000,-46,TO-04,"{""type"":""Point"",""coordinates"":[-81.5378706490071,-11.000000000000002]}"
3_26,2011,-11,53786111111110000,-46,TO-04,"{""type"":""Point"",""coordinates"":[-81.5378706490071,-11.000000000000002]}"
3_27,2012,-11,53786111111110000,-46,TO-04,"{""type"":""Point"",""coordinates"":[-81.5378706490071,-11.000000000000002]}"
3_28,2013,-11,53786111111110000,-46,TO-04,"{""type"":""Point"",""coordinates"":[-81.5378706490071,-11.000000000000002]}"
3_29,2014,-11,53786111111110000,-46,TO-04,"{""type"":""Point"",""coordinates"":[-81.5378706490071,-11.000000000000002]}"
3_30,2015,-11,53786111111110000,-46,TO-04,"{""type"":""Point"",""coordinates"":[-81.5378706490071,-11.000000000000002]}"
3_31,2016,-11,53786111111110000,-46,TO-04,"{""type"":""Point"",""coordinates"":[-81.5378706490071,-11.000000000000002]}"
3_32,2017,-11,53786111111110000,-46,TO-04,"{""type"":""Point"",""coordinates"":[-81.5378706490071,-11.000000000000002]}"
3_33,2018,-11,53786111111110000,-46,TO-04,"{""type"":""Point"",""coordinates"":[-81.5378706490071,-11.000000000000002]}"
3_34,2019,-11,53786111111110000,-46,TO-04,"{""type"":""Point"",""coordinates"":[-81.5378706490071,-11.000000000000002]}"
3_35,2020,-11,53786111111110000,-46,TO-04,"{""type"":""Point"",""coordinates"":[-81.5378706490071,-11.000000000000002]}"
4_0,1985,-11,33619444444440000,-46,TO-05,"{""type"":""Point"",""coordinates"":[1.8418934107098548,-11.0]}"
4_1,1986,-11,33619444444440000,-46,TO-05,"{""type"":""Point"",""coordinates"":[1.8418934107098548,-11.0]}"
4_2,1987,-11,33619444444440000,-46,TO-05,"{""type"":""Point"",""coordinates"":[1.8418934107098548,-11.0]}"
4_3,1988,-11,33619444444440000,-46,TO-05,"{""type"":""Point"",""coordinates"":[1.8418934107098548,-11.0]}"
4_4,1989,-11,33619444444440000,-46,TO-05,"{""type"":""Point"",""coordinates"":[1.8418934107098548,-11.0]}"
4_5,1990,-11,33619444444440000,-46,TO-05,"{""type"":""Point"",""coordinates"":[1.8418934107098548,-11.0]}"
4_6,1991,-11,33619444444440000,-46,TO-05,"{""type"":""Point"",""coordinates"":[1.8418934107098548,-11.0]}"
4_7,1992,-11,33619444444440000,-46,TO-05,"{""type"":""Point"",""coordinates"":[1.8418934107098548,-11.0]}"
4_8,1993,-11,33619444444440000,-46,TO-05,"{""type"":""Point"",""coordinates"":[1.8418934107098548,-11.0]}"
4_9,1994,-11,33619444444440000,-46,TO-05,"{""type"":""Point"",""coordinates"":[1.8418934107098548,-11.0]}"
4_10,1995,-11,33619444444440000,-46,TO-05,"{""type"":""Point"",""coordinates"":[1.8418934107098548,-11.0]}"
4_11,1996,-11,33619444444440000,-46,TO-05,"{""type"":""Point"",""coordinates"":[1.8418934107098548,-11.0]}"
4_12,1997,-11,33619444444440000,-46,TO-05,"{""type"":""Point"",""coordinates"":[1.8418934107098548,-11.0]}"
4_13,1998,-11,33619444444440000,-46,TO-05,"{""type"":""Point"",""coordinates"":[1.8418934107098548,-11.0]}"
4_14,1999,-11,33619444444440000,-46,TO-05,"{""type"":""Point"",""coordinates"":[1.8418934107098548,-11.0]}"
4_15,2000,-11,33619444444440000,-46,TO-05,"{""type"":""Point"",""coordinates"":[1.8418934107098548,-11.0]}"
4_16,2001,-11,33619444444440000,-46,TO-05,"{""type"":""Point"",""coordinates"":[1.8418934107098548,-11.0]}"
4_17,2002,-11,33619444444440000,-46,TO-05,"{""type"":""Point"",""coordinates"":[1.8418934107098548,-11.0]}"
4_18,2003,-11,33619444444440000,-46,TO-05,"{""type"":""Point"",""coordinates"":[1.8418934107098548,-11.0]}"
4_19,2004,-11,33619444444440000,-46,TO-05,"{""type"":""Point"",""coordinates"":[1.8418934107098548,-11.0]}"
4_20,2005,-11,33619444444440000,-46,TO-05,"{""type"":""Point"",""coordinates"":[1.8418934107098548,-11.0]}"
4_21,2006,-11,33619444444440000,-46,TO-05,"{""type"":""Point"",""coordinates"":[1.8418934107098548,-11.0]}"
4_22,2007,-11,33619444444440000,-46,TO-05,"{""type"":""Point"",""coordinates"":[1.8418934107098548,-11.0]}"
4_23,2008,-11,33619444444440000,-46,TO-05,"{""type"":""Point"",""coordinates"":[1.8418934107098548,-11.0]}"
4_24,2009,-11,33619444444440000,-46,TO-05,"{""type"":""Point"",""coordinates"":[1.8418934107098548,-11.0]}"
4_25,2010,-11,33619444444440000,-46,TO-05,"{""type"":""Point"",""coordinates"":[1.8418934107098548,-11.0]}"
4_26,2011,-11,33619444444440000,-46,TO-05,"{""type"":""Point"",""coordinates"":[1.8418934107098548,-11.0]}"
4_27,2012,-11,33619444444440000,-46,TO-05,"{""type"":""Point"",""coordinates"":[1.8418934107098548,-11.0]}"
4_28,2013,-11,33619444444440000,-46,TO-05,"{""type"":""Point"",""coordinates"":[1.8418934107098548,-11.0]}"
4_29,2014,-11,33619444444440000,-46,TO-05,"{""type"":""Point"",""coordinates"":[1.8418934107098548,-11.0]}"
4_30,2015,-11,33619444444440000,-46,TO-05,"{""type"":""Point"",""coordinates"":[1.8418934107098548,-11.0]}"
4_31,2016,-11,33619444444440000,-46,TO-05,"{""type"":""Point"",""coordinates"":[1.8418934107098548,-11.0]}"
4_32,2017,-11,33619444444440000,-46,TO-05,"{""type"":""Point"",""coordinates"":[1.8418934107098548,-11.0]}"
4_33,2018,-11,33619444444440000,-46,TO-05,"{""type"":""Point"",""coordinates"":[1.8418934107098548,-11.0]}"
4_34,2019,-11,33619444444440000,-46,TO-05,"{""type"":""Point"",""coordinates"":[1.8418934107098548,-11.0]}"
4_35,2020,-11,33619444444440000,-46,TO-05,"{""type"":""Point"",""coordinates"":[1.8418934107098548,-11.0]}"
5_0,1985,-11,13111111111110000,-48,TO-06,"{""type"":""Point"",""coordinates"":[-120.15339197872345,-11.000000000000002]}"
5_1,1986,-11,13111111111110000,-48,TO-06,"{""type"":""Point"",""coordinates"":[-120.15339197872345,-11.000000000000002]}"
5_2,1987,-11,13111111111110000,-48,TO-06,"{""type"":""Point"",""coordinates"":[-120.15339197872345,-11.000000000000002]}"
5_3,1988,-11,13111111111110000,-48,TO-06,"{""type"":""Point"",""coordinates"":[-120.15339197872345,-11.000000000000002]}"
5_4,1989,-11,13111111111110000,-48,TO-06,"{""type"":""Point"",""coordinates"":[-120.15339197872345,-11.000000000000002]}"
5_5,1990,-11,13111111111110000,-48,TO-06,"{""type"":""Point"",""coordinates"":[-120.15339197872345,-11.000000000000002]}"
5_6,1991,-11,13111111111110000,-48,TO-06,"{""type"":""Point"",""coordinates"":[-120.15339197872345,-11.000000000000002]}"
5_7,1992,-11,13111111111110000,-48,TO-06,"{""type"":""Point"",""coordinates"":[-120.15339197872345,-11.000000000000002]}"
5_8,1993,-11,13111111111110000,-48,TO-06,"{""type"":""Point"",""coordinates"":[-120.15339197872345,-11.000000000000002]}"
5_9,1994,-11,13111111111110000,-48,TO-06,"{""type"":""Point"",""coordinates"":[-120.15339197872345,-11.000000000000002]}"
5_10,1995,-11,13111111111110000,-48,TO-06,"{""type"":""Point"",""coordinates"":[-120.15339197872345,-11.000000000000002]}"
5_11,1996,-11,13111111111110000,-48,TO-06,"{""type"":""Point"",""coordinates"":[-120.15339197872345,-11.000000000000002]}"
5_12,1997,-11,13111111111110000,-48,TO-06,"{""type"":""Point"",""coordinates"":[-120.15339197872345,-11.000000000000002]}"
5_13,1998,-11,13111111111110000,-48,TO-06,"{""type"":""Point"",""coordinates"":[-120.15339197872345,-11.000000000000002]}"
5_14,1999,-11,13111111111110000,-48,TO-06,"{""type"":""Point"",""coordinates"":[-120.15339197872345,-11.000000000000002]}"
5_15,2000,-11,13111111111110000,-48,TO-06,"{""type"":""Point"",""coordinates"":[-120.15339197872345,-11.000000000000002]}"
5_16,2001,-11,13111111111110000,-48,TO-06,"{""type"":""Point"",""coordinates"":[-120.15339197872345,-11.000000000000002]}"
5_17,2002,-11,13111111111110000,-48,TO-06,"{""type"":""Point"",""coordinates"":[-120.15339197872345,-11.000000000000002]}"
5_18,2003,-11,13111111111110000,-48,TO-06,"{""type"":""Point"",""coordinates"":[-120.15339197872345,-11.000000000000002]}"
5_19,2004,-11,13111111111110000,-48,TO-06,"{""type"":""Point"",""coordinates"":[-120.15339197872345,-11.000000000000002]}"
5_20,2005,-11,13111111111110000,-48,TO-06,"{""type"":""Point"",""coordinates"":[-120.15339197872345,-11.000000000000002]}"
5_21,2006,-11,13111111111110000,-48,TO-06,"{""type"":""Point"",""coordinates"":[-120.15339197872345,-11.000000000000002]}"
5_22,2007,-11,13111111111110000,-48,TO-06,"{""type"":""Point"",""coordinates"":[-120.15339197872345,-11.000000000000002]}"
5_23,2008,-11,13111111111110000,-48,TO-06,"{""type"":""Point"",""coordinates"":[-120.15339197872345,-11.000000000000002]}"
5_24,2009,-11,13111111111110000,-48,TO-06,"{""type"":""Point"",""coordinates"":[-120.15339197872345,-11.000000000000002]}"
5_25,2010,-11,13111111111110000,-48,TO-06,"{""type"":""Point"",""coordinates"":[-120.15339197872345,-11.000000000000002]}"
5_26,2011,-11,13111111111110000,-48,TO-06,"{""type"":""Point"",""coordinates"":[-120.15339197872345,-11.000000000000002]}"
5_27,2012,-11,13111111111110000,-48,TO-06,"{""type"":""Point"",""coordinates"":[-120.15339197872345,-11.000000000000002]}"
5_28,2013,-11,13111111111110000,-48,TO-06,"{""type"":""Point"",""coordinates"":[-120.15339197872345,-11.000000000000002]}"
5_29,2014,-11,13111111111110000,-48,TO-06,"{""type"":""Point"",""coordinates"":[-120.15339197872345,-11.000000000000002]}"
5_30,2015,-11,13111111111110000,-48,TO-06,"{""type"":""Point"",""coordinates"":[-120.15339197872345,-11.000000000000002]}"
5_31,2016,-11,13111111111110000,-48,TO-06,"{""type"":""Point"",""coordinates"":[-120.15339197872345,-11.000000000000002]}"
5_32,2017,-11,13111111111110000,-48,TO-06,"{""type"":""Point"",""coordinates"":[-120.15339197872345,-11.000000000000002]}"
5_33,2018,-11,13111111111110000,-48,TO-06,"{""type"":""Point"",""coordinates"":[-120.15339197872345,-11.000000000000002]}"
5_34,2019,-11,13111111111110000,-48,TO-06,"{""type"":""Point"",""coordinates"":[-120.15339197872345,-11.000000000000002]}"
5_35,2020,-11,13111111111110000,-48,TO-06,"{""type"":""Point"",""coordinates"":[-120.15339197872345,-11.000000000000002]}"
6_0,1985,-12,59958333333330000,-46,TO-07,"{""type"":""Point"",""coordinates"":[-120.832054836016,-12.0]}"
6_1,1986,-12,59958333333330000,-46,TO-07,"{""type"":""Point"",""coordinates"":[-120.832054836016,-12.0]}"
6_2,1987,-12,59958333333330000,-46,TO-07,"{""type"":""Point"",""coordinates"":[-120.832054836016,-12.0]}"
6_3,1988,-12,59958333333330000,-46,TO-07,"{""type"":""Point"",""coordinates"":[-120.832054836016,-12.0]}"
6_4,1989,-12,59958333333330000,-46,TO-07,"{""type"":""Point"",""coordinates"":[-120.832054836016,-12.0]}"
6_5,1990,-12,59958333333330000,-46,TO-07,"{""type"":""Point"",""coordinates"":[-120.832054836016,-12.0]}"
6_6,1991,-12,59958333333330000,-46,TO-07,"{""type"":""Point"",""coordinates"":[-120.832054836016,-12.0]}"
6_7,1992,-12,59958333333330000,-46,TO-07,"{""type"":""Point"",""coordinates"":[-120.832054836016,-12.0]}"
6_8,1993,-12,59958333333330000,-46,TO-07,"{""type"":""Point"",""coordinates"":[-120.832054836016,-12.0]}"
6_9,1994,-12,59958333333330000,-46,TO-07,"{""type"":""Point"",""coordinates"":[-120.832054836016,-12.0]}"
6_10,1995,-12,59958333333330000,-46,TO-07,"{""type"":""Point"",""coordinates"":[-120.832054836016,-12.0]}"
6_11,1996,-12,59958333333330000,-46,TO-07,"{""type"":""Point"",""coordinates"":[-120.832054836016,-12.0]}"
6_12,1997,-12,59958333333330000,-46,TO-07,"{""type"":""Point"",""coordinates"":[-120.832054836016,-12.0]}"
6_13,1998,-12,59958333333330000,-46,TO-07,"{""type"":""Point"",""coordinates"":[-120.832054836016,-12.0]}"
6_14,1999,-12,59958333333330000,-46,TO-07,"{""type"":""Point"",""coordinates"":[-120.832054836016,-12.0]}"
6_15,2000,-12,59958333333330000,-46,TO-07,"{""type"":""Point"",""coordinates"":[-120.832054836016,-12.0]}"
6_16,2001,-12,59958333333330000,-46,TO-07,"{""type"":""Point"",""coordinates"":[-120.832054836016,-12.0]}"
6_17,2002,-12,59958333333330000,-46,TO-07,"{""type"":""Point"",""coordinates"":[-120.832054836016,-12.0]}"
6_18,2003,-12,59958333333330000,-46,TO-07,"{""type"":""Point"",""coordinates"":[-120.832054836016,-12.0]}"
6_19,2004,-12,59958333333330000,-46,TO-07,"{""type"":""Point"",""coordinates"":[-120.832054836016,-12.0]}"
6_20,2005,-12,59958333333330000,-46,TO-07,"{""type"":""Point"",""coordinates"":[-120.832054836016,-12.0]}"
6_21,2006,-12,59958333333330000,-46,TO-07,"{""type"":""Point"",""coordinates"":[-120.832054836016,-12.0]}"
6_22,2007,-12,59958333333330000,-46,TO-07,"{""type"":""Point"",""coordinates"":[-120.832054836016,-12.0]}"
6_23,2008,-12,59958333333330000,-46,TO-07,"{""type"":""Point"",""coordinates"":[-120.832054836016,-12.0]}"
6_24,2009,-12,59958333333330000,-46,TO-07,"{""type"":""Point"",""coordinates"":[-120.832054836016,-12.0]}"
6_25,2010,-12,59958333333330000,-46,TO-07,"{""type"":""Point"",""coordinates"":[-120.832054836016,-12.0]}"
6_26,2011,-12,59958333333330000,-46,TO-07,"{""type"":""Point"",""coordinates"":[-120.832054836016,-12.0]}"
6_27,2012,-12,59958333333330000,-46,TO-07,"{""type"":""Point"",""coordinates"":[-120.832054836016,-12.0]}"
6_28,2013,-12,59958333333330000,-46,TO-07,"{""type"":""Point"",""coordinates"":[-120.832054836016,-12.0]}"
6_29,2014,-12,59958333333330000,-46,TO-07,"{""type"":""Point"",""coordinates"":[-120.832054836016,-12.0]}"
6_30,2015,-12,59958333333330000,-46,TO-07,"{""type"":""Point"",""coordinates"":[-120.832054836016,-12.0]}"
6_31,2016,-12,59958333333330000,-46,TO-07,"{""type"":""Point"",""coordinates"":[-120.832054836016,-12.0]}"
6_32,2017,-12,59958333333330000,-46,TO-07,"{""type"":""Point"",""coordinates"":[-120.832054836016,-12.0]}"
6_33,2018,-12,59958333333330000,-46,TO-07,"{""type"":""Point"",""coordinates"":[-120.832054836016,-12.0]}"
6_34,2019,-12,59958333333330000,-46,TO-07,"{""type"":""Point"",""coordinates"":[-120.832054836016,-12.0]}"
6_35,2020,-12,59958333333330000,-46,TO-07,"{""type"":""Point"",""coordinates"":[-120.832054836016,-12.0]}"
7_0,1985,-13,64272344883200,-46,GO-08,"{""type"":""Point"",""coordinates"":[80.00517771600545,-13.0]}"
7_1,1986,-13,64272344883200,-46,GO-08,"{""type"":""Point"",""coordinates"":[80.00517771600545,-13.0]}"
7_2,1987,-13,64272344883200,-46,GO-08,"{""type"":""Point"",""coordinates"":[80.00517771600545,-13.0]}"
7_3,1988,-13,64272344883200,-46,GO-08,"{""type"":""Point"",""coordinates"":[80.00517771600545,-13.0]}"
7_4,1989,-13,64272344883200,-46,GO-08,"{""type"":""Point"",""coordinates"":[80.00517771600545,-13.0]}"
7_5,1990,-13,64272344883200,-46,GO-08,"{""type"":""Point"",""coordinates"":[80.00517771600545,-13.0]}"
7_6,1991,-13,64272344883200,-46,GO-08,"{""type"":""Point"",""coordinates"":[80.00517771600545,-13.0]}"
7_7,1992,-13,64272344883200,-46,GO-08,"{""type"":""Point"",""coordinates"":[80.00517771600545,-13.0]}"
7_8,1993,-13,64272344883200,-46,GO-08,"{""type"":""Point"",""coordinates"":[80.00517771600545,-13.0]}"
7_9,1994,-13,64272344883200,-46,GO-08,"{""type"":""Point"",""coordinates"":[80.00517771600545,-13.0]}"
7_10,1995,-13,64272344883200,-46,GO-08,"{""type"":""Point"",""coordinates"":[80.00517771600545,-13.0]}"
7_11,1996,-13,64272344883200,-46,GO-08,"{""type"":""Point"",""coordinates"":[80.00517771600545,-13.0]}"
7_12,1997,-13,64272344883200,-46,GO-08,"{""type"":""Point"",""coordinates"":[80.00517771600545,-13.0]}"
7_13,1998,-13,64272344883200,-46,GO-08,"{""type"":""Point"",""coordinates"":[80.00517771600545,-13.0]}"
7_14,1999,-13,64272344883200,-46,GO-08,"{""type"":""Point"",""coordinates"":[80.00517771600545,-13.0]}"
7_15,2000,-13,64272344883200,-46,GO-08,"{""type"":""Point"",""coordinates"":[80.00517771600545,-13.0]}"
7_16,2001,-13,64272344883200,-46,GO-08,"{""type"":""Point"",""coordinates"":[80.00517771600545,-13.0]}"
7_17,2002,-13,64272344883200,-46,GO-08,"{""type"":""Point"",""coordinates"":[80.00517771600545,-13.0]}"
7_18,2003,-13,64272344883200,-46,GO-08,"{""type"":""Point"",""coordinates"":[80.00517771600545,-13.0]}"
7_19,2004,-13,64272344883200,-46,GO-08,"{""type"":""Point"",""coordinates"":[80.00517771600545,-13.0]}"
7_20,2005,-13,64272344883200,-46,GO-08,"{""type"":""Point"",""coordinates"":[80.00517771600545,-13.0]}"
7_21,2006,-13,64272344883200,-46,GO-08,"{""type"":""Point"",""coordinates"":[80.00517771600545,-13.0]}"
7_22,2007,-13,64272344883200,-46,GO-08,"{""type"":""Point"",""coordinates"":[80.00517771600545,-13.0]}"
7_23,2008,-13,64272344883200,-46,GO-08,"{""type"":""Point"",""coordinates"":[80.00517771600545,-13.0]}"
7_24,2009,-13,64272344883200,-46,GO-08,"{""type"":""Point"",""coordinates"":[80.00517771600545,-13.0]}"
7_25,2010,-13,64272344883200,-46,GO-08,"{""type"":""Point"",""coordinates"":[80.00517771600545,-13.0]}"
7_26,2011,-13,64272344883200,-46,GO-08,"{""type"":""Point"",""coordinates"":[80.00517771600545,-13.0]}"
7_27,2012,-13,64272344883200,-46,GO-08,"{""type"":""Point"",""coordinates"":[80.00517771600545,-13.0]}"
7_28,2013,-13,64272344883200,-46,GO-08,"{""type"":""Point"",""coordinates"":[80.00517771600545,-13.0]}"
7_29,2014,-13,64272344883200,-46,GO-08,"{""type"":""Point"",""coordinates"":[80.00517771600545,-13.0]}"
7_30,2015,-13,64272344883200,-46,GO-08,"{""type"":""Point"",""coordinates"":[80.00517771600545,-13.0]}"
7_31,2016,-13,64272344883200,-46,GO-08,"{""type"":""Point"",""coordinates"":[80.00517771600545,-13.0]}"
7_32,2017,-13,64272344883200,-46,GO-08,"{""type"":""Point"",""coordinates"":[80.00517771600545,-13.0]}"
7_33,2018,-13,64272344883200,-46,GO-08,"{""type"":""Point"",""coordinates"":[80.00517771600545,-13.0]}"
7_34,2019,-13,64272344883200,-46,GO-08,"{""type"":""Point"",""coordinates"":[80.00517771600545,-13.0]}"
7_35,2020,-13,64272344883200,-46,GO-08,"{""type"":""Point"",""coordinates"":[80.00517771600545,-13.0]}"
8_0,1985,-15,32733333333330000,-49,GO-09,"{""type"":""Point"",""coordinates"":[-122.13166779800355,-14.999999999999998]}"
8_1,1986,-15,32733333333330000,-49,GO-09,"{""type"":""Point"",""coordinates"":[-122.13166779800355,-14.999999999999998]}"
8_2,1987,-15,32733333333330000,-49,GO-09,"{""type"":""Point"",""coordinates"":[-122.13166779800355,-14.999999999999998]}"
8_3,1988,-15,32733333333330000,-49,GO-09,"{""type"":""Point"",""coordinates"":[-122.13166779800355,-14.999999999999998]}"
8_4,1989,-15,32733333333330000,-49,GO-09,"{""type"":""Point"",""coordinates"":[-122.13166779800355,-14.999999999999998]}"
8_5,1990,-15,32733333333330000,-49,GO-09,"{""type"":""Point"",""coordinates"":[-122.13166779800355,-14.999999999999998]}"
8_6,1991,-15,32733333333330000,-49,GO-09,"{""type"":""Point"",""coordinates"":[-122.13166779800355,-14.999999999999998]}"
8_7,1992,-15,32733333333330000,-49,GO-09,"{""type"":""Point"",""coordinates"":[-122.13166779800355,-14.999999999999998]}"
8_8,1993,-15,32733333333330000,-49,GO-09,"{""type"":""Point"",""coordinates"":[-122.13166779800355,-14.999999999999998]}"
8_9,1994,-15,32733333333330000,-49,GO-09,"{""type"":""Point"",""coordinates"":[-122.13166779800355,-14.999999999999998]}"
8_10,1995,-15,32733333333330000,-49,GO-09,"{""type"":""Point"",""coordinates"":[-122.13166779800355,-14.999999999999998]}"
8_11,1996,-15,32733333333330000,-49,GO-09,"{""type"":""Point"",""coordinates"":[-122.13166779800355,-14.999999999999998]}"
8_12,1997,-15,32733333333330000,-49,GO-09,"{""type"":""Point"",""coordinates"":[-122.13166779800355,-14.999999999999998]}"
8_13,1998,-15,32733333333330000,-49,GO-09,"{""type"":""Point"",""coordinates"":[-122.13166779800355,-14.999999999999998]}"
8_14,1999,-15,32733333333330000,-49,GO-09,"{""type"":""Point"",""coordinates"":[-122.13166779800355,-14.999999999999998]}"
8_15,2000,-15,32733333333330000,-49,GO-09,"{""type"":""Point"",""coordinates"":[-122.13166779800355,-14.999999999999998]}"
8_16,2001,-15,32733333333330000,-49,GO-09,"{""type"":""Point"",""coordinates"":[-122.13166779800355,-14.999999999999998]}"
8_17,2002,-15,32733333333330000,-49,GO-09,"{""type"":""Point"",""coordinates"":[-122.13166779800355,-14.999999999999998]}"
8_18,2003,-15,32733333333330000,-49,GO-09,"{""type"":""Point"",""coordinates"":[-122.13166779800355,-14.999999999999998]}"
8_19,2004,-15,32733333333330000,-49,GO-09,"{""type"":""Point"",""coordinates"":[-122.13166779800355,-14.999999999999998]}"
8_20,2005,-15,32733333333330000,-49,GO-09,"{""type"":""Point"",""coordinates"":[-122.13166779800355,-14.999999999999998]}"
8_21,2006,-15,32733333333330000,-49,GO-09,"{""type"":""Point"",""coordinates"":[-122.13166779800355,-14.999999999999998]}"
8_22,2007,-15,32733333333330000,-49,GO-09,"{""type"":""Point"",""coordinates"":[-122.13166779800355,-14.999999999999998]}"
8_23,2008,-15,32733333333330000,-49,GO-09,"{""type"":""Point"",""coordinates"":[-122.13166779800355,-14.999999999999998]}"
8_24,2009,-15,32733333333330000,-49,GO-09,"{""type"":""Point"",""coordinates"":[-122.13166779800355,-14.999999999999998]}"
8_25,2010,-15,32733333333330000,-49,GO-09,"{""type"":""Point"",""coordinates"":[-122.13166779800355,-14.999999999999998]}"
8_26,2011,-15,32733333333330000,-49,GO-09,"{""type"":""Point"",""coordinates"":[-122.13166779800355,-14.999999999999998]}"
8_27,2012,-15,32733333333330000,-49,GO-09,"{""type"":""Point"",""coordinates"":[-122.13166779800355,-14.999999999999998]}"
8_28,2013,-15,32733333333330000,-49,GO-09,"{""type"":""Point"",""coordinates"":[-122.13166779800355,-14.999999999999998]}"
8_29,2014,-15,32733333333330000,-49,GO-09,"{""type"":""Point"",""coordinates"":[-122.13166779800355,-14.999999999999998]}"
8_30,2015,-15,32733333333330000,-49,GO-09,"{""type"":""Point"",""coordinates"":[-122.13166779800355,-14.999999999999998]}"
8_31,2016,-15,32733333333330000,-49,GO-09,"{""type"":""Point"",""coordinates"":[-122.13166779800355,-14.999999999999998]}"
8_32,2017,-15,32733333333330000,-49,GO-09,"{""type"":""Point"",""coordinates"":[-122.13166779800355,-14.999999999999998]}"
8_33,2018,-15,32733333333330000,-49,GO-09,"{""type"":""Point"",""coordinates"":[-122.13166779800355,-14.999999999999998]}"
8_34,2019,-15,32733333333330000,-49,GO-09,"{""type"":""Point"",""coordinates"":[-122.13166779800355,-14.999999999999998]}"
8_35,2020,-15,32733333333330000,-49,GO-09,"{""type"":""Point"",""coordinates"":[-122.13166779800355,-14.999999999999998]}"
9_0,1985,-16,58869444444440000,-49,GO-10,"{""type"":""Point"",""coordinates"":[-43.496539541844946,-16.0]}"
9_1,1986,-16,58869444444440000,-49,GO-10,"{""type"":""Point"",""coordinates"":[-43.496539541844946,-16.0]}"
9_2,1987,-16,58869444444440000,-49,GO-10,"{""type"":""Point"",""coordinates"":[-43.496539541844946,-16.0]}"
9_3,1988,-16,58869444444440000,-49,GO-10,"{""type"":""Point"",""coordinates"":[-43.496539541844946,-16.0]}"
9_4,1989,-16,58869444444440000,-49,GO-10,"{""type"":""Point"",""coordinates"":[-43.496539541844946,-16.0]}"
9_5,1990,-16,58869444444440000,-49,GO-10,"{""type"":""Point"",""coordinates"":[-43.496539541844946,-16.0]}"
9_6,1991,-16,58869444444440000,-49,GO-10,"{""type"":""Point"",""coordinates"":[-43.496539541844946,-16.0]}"
9_7,1992,-16,58869444444440000,-49,GO-10,"{""type"":""Point"",""coordinates"":[-43.496539541844946,-16.0]}"
9_8,1993,-16,58869444444440000,-49,GO-10,"{""type"":""Point"",""coordinates"":[-43.496539541844946,-16.0]}"
9_9,1994,-16,58869444444440000,-49,GO-10,"{""type"":""Point"",""coordinates"":[-43.496539541844946,-16.0]}"
9_10,1995,-16,58869444444440000,-49,GO-10,"{""type"":""Point"",""coordinates"":[-43.496539541844946,-16.0]}"
9_11,1996,-16,58869444444440000,-49,GO-10,"{""type"":""Point"",""coordinates"":[-43.496539541844946,-16.0]}"
9_12,1997,-16,58869444444440000,-49,GO-10,"{""type"":""Point"",""coordinates"":[-43.496539541844946,-16.0]}"
9_13,1998,-16,58869444444440000,-49,GO-10,"{""type"":""Point"",""coordinates"":[-43.496539541844946,-16.0]}"
9_14,1999,-16,58869444444440000,-49,GO-10,"{""type"":""Point"",""coordinates"":[-43.496539541844946,-16.0]}"
9_15,2000,-16,58869444444440000,-49,GO-10,"{""type"":""Point"",""coordinates"":[-43.496539541844946,-16.0]}"
9_16,2001,-16,58869444444440000,-49,GO-10,"{""type"":""Point"",""coordinates"":[-43.496539541844946,-16.0]}"
9_17,2002,-16,58869444444440000,-49,GO-10,"{""type"":""Point"",""coordinates"":[-43.496539541844946,-16.0]}"
9_18,2003,-16,58869444444440000,-49,GO-10,"{""type"":""Point"",""coordinates"":[-43.496539541844946,-16.0]}"
9_19,2004,-16,58869444444440000,-49,GO-10,"{""type"":""Point"",""coordinates"":[-43.496539541844946,-16.0]}"
9_20,2005,-16,58869444444440000,-49,GO-10,"{""type"":""Point"",""coordinates"":[-43.496539541844946,-16.0]}"
9_21,2006,-16,58869444444440000,-49,GO-10,"{""type"":""Point"",""coordinates"":[-43.496539541844946,-16.0]}"
9_22,2007,-16,58869444444440000,-49,GO-10,"{""type"":""Point"",""coordinates"":[-43.496539541844946,-16.0]}"
9_23,2008,-16,58869444444440000,-49,GO-10,"{""type"":""Point"",""coordinates"":[-43.496539541844946,-16.0]}"
9_24,2009,-16,58869444444440000,-49,GO-10,"{""type"":""Point"",""coordinates"":[-43.496539541844946,-16.0]}"
9_25,2010,-16,58869444444440000,-49,GO-10,"{""type"":""Point"",""coordinates"":[-43.496539541844946,-16.0]}"
9_26,2011,-16,58869444444440000,-49,GO-10,"{""type"":""Point"",""coordinates"":[-43.496539541844946,-16.0]}"
9_27,2012,-16,58869444444440000,-49,GO-10,"{""type"":""Point"",""coordinates"":[-43.496539541844946,-16.0]}"
9_28,2013,-16,58869444444440000,-49,GO-10,"{""type"":""Point"",""coordinates"":[-43.496539541844946,-16.0]}"
9_29,2014,-16,58869444444440000,-49,GO-10,"{""type"":""Point"",""coordinates"":[-43.496539541844946,-16.0]}"
9_30,2015,-16,58869444444440000,-49,GO-10,"{""type"":""Point"",""coordinates"":[-43.496539541844946,-16.0]}"
9_31,2016,-16,58869444444440000,-49,GO-10,"{""type"":""Point"",""coordinates"":[-43.496539541844946,-16.0]}"
9_32,2017,-16,58869444444440000,-49,GO-10,"{""type"":""Point"",""coordinates"":[-43.496539541844946,-16.0]}"
9_33,2018,-16,58869444444440000,-49,GO-10,"{""type"":""Point"",""coordinates"":[-43.496539541844946,-16.0]}"
9_34,2019,-16,58869444444440000,-49,GO-10,"{""type"":""Point"",""coordinates"":[-43.496539541844946,-16.0]}"
9_35,2020,-16,58869444444440000,-49,GO-10,"{""type"":""Point"",""coordinates"":[-43.496539541844946,-16.0]}"
10_0,1985,-13,90102777777780000,-47,GO-11,"{""type"":""Point"",""coordinates"":[-116.4191337083311,-13.0]}"
10_1,1986,-13,90102777777780000,-47,GO-11,"{""type"":""Point"",""coordinates"":[-116.4191337083311,-13.0]}"
10_2,1987,-13,90102777777780000,-47,GO-11,"{""type"":""Point"",""coordinates"":[-116.4191337083311,-13.0]}"
10_3,1988,-13,90102777777780000,-47,GO-11,"{""type"":""Point"",""coordinates"":[-116.4191337083311,-13.0]}"
10_4,1989,-13,90102777777780000,-47,GO-11,"{""type"":""Point"",""coordinates"":[-116.4191337083311,-13.0]}"
10_5,1990,-13,90102777777780000,-47,GO-11,"{""type"":""Point"",""coordinates"":[-116.4191337083311,-13.0]}"
10_6,1991,-13,90102777777780000,-47,GO-11,"{""type"":""Point"",""coordinates"":[-116.4191337083311,-13.0]}"
10_7,1992,-13,90102777777780000,-47,GO-11,"{""type"":""Point"",""coordinates"":[-116.4191337083311,-13.0]}"
10_8,1993,-13,90102777777780000,-47,GO-11,"{""type"":""Point"",""coordinates"":[-116.4191337083311,-13.0]}"
10_9,1994,-13,90102777777780000,-47,GO-11,"{""type"":""Point"",""coordinates"":[-116.4191337083311,-13.0]}"
10_10,1995,-13,90102777777780000,-47,GO-11,"{""type"":""Point"",""coordinates"":[-116.4191337083311,-13.0]}"
10_11,1996,-13,90102777777780000,-47,GO-11,"{""type"":""Point"",""coordinates"":[-116.4191337083311,-13.0]}"
10_12,1997,-13,90102777777780000,-47,GO-11,"{""type"":""Point"",""coordinates"":[-116.4191337083311,-13.0]}"
10_13,1998,-13,90102777777780000,-47,GO-11,"{""type"":""Point"",""coordinates"":[-116.4191337083311,-13.0]}"
10_14,1999,-13,90102777777780000,-47,GO-11,"{""type"":""Point"",""coordinates"":[-116.4191337083311,-13.0]}"
10_15,2000,-13,90102777777780000,-47,GO-11,"{""type"":""Point"",""coordinates"":[-116.4191337083311,-13.0]}"
10_16,2001,-13,90102777777780000,-47,GO-11,"{""type"":""Point"",""coordinates"":[-116.4191337083311,-13.0]}"
10_17,2002,-13,90102777777780000,-47,GO-11,"{""type"":""Point"",""coordinates"":[-116.4191337083311,-13.0]}"
10_18,2003,-13,90102777777780000,-47,GO-11,"{""type"":""Point"",""coordinates"":[-116.4191337083311,-13.0]}"
10_19,2004,-13,90102777777780000,-47,GO-11,"{""type"":""Point"",""coordinates"":[-116.4191337083311,-13.0]}"
10_20,2005,-13,90102777777780000,-47,GO-11,"{""type"":""Point"",""coordinates"":[-116.4191337083311,-13.0]}"
10_21,2006,-13,90102777777780000,-47,GO-11,"{""type"":""Point"",""coordinates"":[-116.4191337083311,-13.0]}"
10_22,2007,-13,90102777777780000,-47,GO-11,"{""type"":""Point"",""coordinates"":[-116.4191337083311,-13.0]}"
10_23,2008,-13,90102777777780000,-47,GO-11,"{""type"":""Point"",""coordinates"":[-116.4191337083311,-13.0]}"
10_24,2009,-13,90102777777780000,-47,GO-11,"{""type"":""Point"",""coordinates"":[-116.4191337083311,-13.0]}"
10_25,2010,-13,90102777777780000,-47,GO-11,"{""type"":""Point"",""coordinates"":[-116.4191337083311,-13.0]}"
10_26,2011,-13,90102777777780000,-47,GO-11,"{""type"":""Point"",""coordinates"":[-116.4191337083311,-13.0]}"
10_27,2012,-13,90102777777780000,-47,GO-11,"{""type"":""Point"",""coordinates"":[-116.4191337083311,-13.0]}"
10_28,2013,-13,90102777777780000,-47,GO-11,"{""type"":""Point"",""coordinates"":[-116.4191337083311,-13.0]}"
10_29,2014,-13,90102777777780000,-47,GO-11,"{""type"":""Point"",""coordinates"":[-116.4191337083311,-13.0]}"
10_30,2015,-13,90102777777780000,-47,GO-11,"{""type"":""Point"",""coordinates"":[-116.4191337083311,-13.0]}"
10_31,2016,-13,90102777777780000,-47,GO-11,"{""type"":""Point"",""coordinates"":[-116.4191337083311,-13.0]}"
10_32,2017,-13,90102777777780000,-47,GO-11,"{""type"":""Point"",""coordinates"":[-116.4191337083311,-13.0]}"
10_33,2018,-13,90102777777780000,-47,GO-11,"{""type"":""Point"",""coordinates"":[-116.4191337083311,-13.0]}"
10_34,2019,-13,90102777777780000,-47,GO-11,"{""type"":""Point"",""coordinates"":[-116.4191337083311,-13.0]}"
10_35,2020,-13,90102777777780000,-47,GO-11,"{""type"":""Point"",""coordinates"":[-116.4191337083311,-13.0]}"
11_0,1985,-14,45447222222220000,-48,GO-12,"{""type"":""Point"",""coordinates"":[36.904998318325106,-13.999999999999998]}"
11_1,1986,-14,45447222222220000,-48,GO-12,"{""type"":""Point"",""coordinates"":[36.904998318325106,-13.999999999999998]}"
11_2,1987,-14,45447222222220000,-48,GO-12,"{""type"":""Point"",""coordinates"":[36.904998318325106,-13.999999999999998]}"
11_3,1988,-14,45447222222220000,-48,GO-12,"{""type"":""Point"",""coordinates"":[36.904998318325106,-13.999999999999998]}"
11_4,1989,-14,45447222222220000,-48,GO-12,"{""type"":""Point"",""coordinates"":[36.904998318325106,-13.999999999999998]}"
11_5,1990,-14,45447222222220000,-48,GO-12,"{""type"":""Point"",""coordinates"":[36.904998318325106,-13.999999999999998]}"
11_6,1991,-14,45447222222220000,-48,GO-12,"{""type"":""Point"",""coordinates"":[36.904998318325106,-13.999999999999998]}"
11_7,1992,-14,45447222222220000,-48,GO-12,"{""type"":""Point"",""coordinates"":[36.904998318325106,-13.999999999999998]}"
11_8,1993,-14,45447222222220000,-48,GO-12,"{""type"":""Point"",""coordinates"":[36.904998318325106,-13.999999999999998]}"
11_9,1994,-14,45447222222220000,-48,GO-12,"{""type"":""Point"",""coordinates"":[36.904998318325106,-13.999999999999998]}"
11_10,1995,-14,45447222222220000,-48,GO-12,"{""type"":""Point"",""coordinates"":[36.904998318325106,-13.999999999999998]}"
11_11,1996,-14,45447222222220000,-48,GO-12,"{""type"":""Point"",""coordinates"":[36.904998318325106,-13.999999999999998]}"
11_12,1997,-14,45447222222220000,-48,GO-12,"{""type"":""Point"",""coordinates"":[36.904998318325106,-13.999999999999998]}"
11_13,1998,-14,45447222222220000,-48,GO-12,"{""type"":""Point"",""coordinates"":[36.904998318325106,-13.999999999999998]}"
11_14,1999,-14,45447222222220000,-48,GO-12,"{""type"":""Point"",""coordinates"":[36.904998318325106,-13.999999999999998]}"
11_15,2000,-14,45447222222220000,-48,GO-12,"{""type"":""Point"",""coordinates"":[36.904998318325106,-13.999999999999998]}"
11_16,2001,-14,45447222222220000,-48,GO-12,"{""type"":""Point"",""coordinates"":[36.904998318325106,-13.999999999999998]}"
11_17,2002,-14,45447222222220000,-48,GO-12,"{""type"":""Point"",""coordinates"":[36.904998318325106,-13.999999999999998]}"
11_18,2003,-14,45447222222220000,-48,GO-12,"{""type"":""Point"",""coordinates"":[36.904998318325106,-13.999999999999998]}"
11_19,2004,-14,45447222222220000,-48,GO-12,"{""type"":""Point"",""coordinates"":[36.904998318325106,-13.999999999999998]}"
11_20,2005,-14,45447222222220000,-48,GO-12,"{""type"":""Point"",""coordinates"":[36.904998318325106,-13.999999999999998]}"
11_21,2006,-14,45447222222220000,-48,GO-12,"{""type"":""Point"",""coordinates"":[36.904998318325106,-13.999999999999998]}"
11_22,2007,-14,45447222222220000,-48,GO-12,"{""type"":""Point"",""coordinates"":[36.904998318325106,-13.999999999999998]}"
11_23,2008,-14,45447222222220000,-48,GO-12,"{""type"":""Point"",""coordinates"":[36.904998318325106,-13.999999999999998]}"
11_24,2009,-14,45447222222220000,-48,GO-12,"{""type"":""Point"",""coordinates"":[36.904998318325106,-13.999999999999998]}"
11_25,2010,-14,45447222222220000,-48,GO-12,"{""type"":""Point"",""coordinates"":[36.904998318325106,-13.999999999999998]}"
11_26,2011,-14,45447222222220000,-48,GO-12,"{""type"":""Point"",""coordinates"":[36.904998318325106,-13.999999999999998]}"
11_27,2012,-14,45447222222220000,-48,GO-12,"{""type"":""Point"",""coordinates"":[36.904998318325106,-13.999999999999998]}"
11_28,2013,-14,45447222222220000,-48,GO-12,"{""type"":""Point"",""coordinates"":[36.904998318325106,-13.999999999999998]}"
11_29,2014,-14,45447222222220000,-48,GO-12,"{""type"":""Point"",""coordinates"":[36.904998318325106,-13.999999999999998]}"
11_30,2015,-14,45447222222220000,-48,GO-12,"{""type"":""Point"",""coordinates"":[36.904998318325106,-13.999999999999998]}"
11_31,2016,-14,45447222222220000,-48,GO-12,"{""type"":""Point"",""coordinates"":[36.904998318325106,-13.999999999999998]}"
11_32,2017,-14,45447222222220000,-48,GO-12,"{""type"":""Point"",""coordinates"":[36.904998318325106,-13.999999999999998]}"
11_33,2018,-14,45447222222220000,-48,GO-12,"{""type"":""Point"",""coordinates"":[36.904998318325106,-13.999999999999998]}"
11_34,2019,-14,45447222222220000,-48,GO-12,"{""type"":""Point"",""coordinates"":[36.904998318325106,-13.999999999999998]}"
11_35,2020,-14,45447222222220000,-48,GO-12,"{""type"":""Point"",""coordinates"":[36.904998318325106,-13.999999999999998]}"
12_0,1985,-14,46863888888890000,-48,GO-13,"{""type"":""Point"",""coordinates"":[-163.8578846018073,-14.000000000000002]}"
12_1,1986,-14,46863888888890000,-48,GO-13,"{""type"":""Point"",""coordinates"":[-163.8578846018073,-14.000000000000002]}"
12_2,1987,-14,46863888888890000,-48,GO-13,"{""type"":""Point"",""coordinates"":[-163.8578846018073,-14.000000000000002]}"
12_3,1988,-14,46863888888890000,-48,GO-13,"{""type"":""Point"",""coordinates"":[-163.8578846018073,-14.000000000000002]}"
12_4,1989,-14,46863888888890000,-48,GO-13,"{""type"":""Point"",""coordinates"":[-163.8578846018073,-14.000000000000002]}"
12_5,1990,-14,46863888888890000,-48,GO-13,"{""type"":""Point"",""coordinates"":[-163.8578846018073,-14.000000000000002]}"
12_6,1991,-14,46863888888890000,-48,GO-13,"{""type"":""Point"",""coordinates"":[-163.8578846018073,-14.000000000000002]}"
12_7,1992,-14,46863888888890000,-48,GO-13,"{""type"":""Point"",""coordinates"":[-163.8578846018073,-14.000000000000002]}"
12_8,1993,-14,46863888888890000,-48,GO-13,"{""type"":""Point"",""coordinates"":[-163.8578846018073,-14.000000000000002]}"
12_9,1994,-14,46863888888890000,-48,GO-13,"{""type"":""Point"",""coordinates"":[-163.8578846018073,-14.000000000000002]}"
12_10,1995,-14,46863888888890000,-48,GO-13,"{""type"":""Point"",""coordinates"":[-163.8578846018073,-14.000000000000002]}"
12_11,1996,-14,46863888888890000,-48,GO-13,"{""type"":""Point"",""coordinates"":[-163.8578846018073,-14.000000000000002]}"
12_12,1997,-14,46863888888890000,-48,GO-13,"{""type"":""Point"",""coordinates"":[-163.8578846018073,-14.000000000000002]}"
12_13,1998,-14,46863888888890000,-48,GO-13,"{""type"":""Point"",""coordinates"":[-163.8578846018073,-14.000000000000002]}"
12_14,1999,-14,46863888888890000,-48,GO-13,"{""type"":""Point"",""coordinates"":[-163.8578846018073,-14.000000000000002]}"
12_15,2000,-14,46863888888890000,-48,GO-13,"{""type"":""Point"",""coordinates"":[-163.8578846018073,-14.000000000000002]}"
12_16,2001,-14,46863888888890000,-48,GO-13,"{""type"":""Point"",""coordinates"":[-163.8578846018073,-14.000000000000002]}"
12_17,2002,-14,46863888888890000,-48,GO-13,"{""type"":""Point"",""coordinates"":[-163.8578846018073,-14.000000000000002]}"
12_18,2003,-14,46863888888890000,-48,GO-13,"{""type"":""Point"",""coordinates"":[-163.8578846018073,-14.000000000000002]}"
12_19,2004,-14,46863888888890000,-48,GO-13,"{""type"":""Point"",""coordinates"":[-163.8578846018073,-14.000000000000002]}"
12_20,2005,-14,46863888888890000,-48,GO-13,"{""type"":""Point"",""coordinates"":[-163.8578846018073,-14.000000000000002]}"
12_21,2006,-14,46863888888890000,-48,GO-13,"{""type"":""Point"",""coordinates"":[-163.8578846018073,-14.000000000000002]}"
12_22,2007,-14,46863888888890000,-48,GO-13,"{""type"":""Point"",""coordinates"":[-163.8578846018073,-14.000000000000002]}"
12_23,2008,-14,46863888888890000,-48,GO-13,"{""type"":""Point"",""coordinates"":[-163.8578846018073,-14.000000000000002]}"
12_24,2009,-14,46863888888890000,-48,GO-13,"{""type"":""Point"",""coordinates"":[-163.8578846018073,-14.000000000000002]}"
12_25,2010,-14,46863888888890000,-48,GO-13,"{""type"":""Point"",""coordinates"":[-163.8578846018073,-14.000000000000002]}"
12_26,2011,-14,46863888888890000,-48,GO-13,"{""type"":""Point"",""coordinates"":[-163.8578846018073,-14.000000000000002]}"
12_27,2012,-14,46863888888890000,-48,GO-13,"{""type"":""Point"",""coordinates"":[-163.8578846018073,-14.000000000000002]}"
12_28,2013,-14,46863888888890000,-48,GO-13,"{""type"":""Point"",""coordinates"":[-163.8578846018073,-14.000000000000002]}"
12_29,2014,-14,46863888888890000,-48,GO-13,"{""type"":""Point"",""coordinates"":[-163.8578846018073,-14.000000000000002]}"
12_30,2015,-14,46863888888890000,-48,GO-13,"{""type"":""Point"",""coordinates"":[-163.8578846018073,-14.000000000000002]}"
12_31,2016,-14,46863888888890000,-48,GO-13,"{""type"":""Point"",""coordinates"":[-163.8578846018073,-14.000000000000002]}"
12_32,2017,-14,46863888888890000,-48,GO-13,"{""type"":""Point"",""coordinates"":[-163.8578846018073,-14.000000000000002]}"
12_33,2018,-14,46863888888890000,-48,GO-13,"{""type"":""Point"",""coordinates"":[-163.8578846018073,-14.000000000000002]}"
12_34,2019,-14,46863888888890000,-48,GO-13,"{""type"":""Point"",""coordinates"":[-163.8578846018073,-14.000000000000002]}"
12_35,2020,-14,46863888888890000,-48,GO-13,"{""type"":""Point"",""coordinates"":[-163.8578846018073,-14.000000000000002]}"
13_0,1985,-16,43208333333330000,-49,GO-14,"{""type"":""Point"",""coordinates"":[-43.45994190912093,-16.0]}"
13_1,1986,-16,43208333333330000,-49,GO-14,"{""type"":""Point"",""coordinates"":[-43.45994190912093,-16.0]}"
13_2,1987,-16,43208333333330000,-49,GO-14,"{""type"":""Point"",""coordinates"":[-43.45994190912093,-16.0]}"
13_3,1988,-16,43208333333330000,-49,GO-14,"{""type"":""Point"",""coordinates"":[-43.45994190912093,-16.0]}"
13_4,1989,-16,43208333333330000,-49,GO-14,"{""type"":""Point"",""coordinates"":[-43.45994190912093,-16.0]}"
13_5,1990,-16,43208333333330000,-49,GO-14,"{""type"":""Point"",""coordinates"":[-43.45994190912093,-16.0]}"
13_6,1991,-16,43208333333330000,-49,GO-14,"{""type"":""Point"",""coordinates"":[-43.45994190912093,-16.0]}"
13_7,1992,-16,43208333333330000,-49,GO-14,"{""type"":""Point"",""coordinates"":[-43.45994190912093,-16.0]}"
13_8,1993,-16,43208333333330000,-49,GO-14,"{""type"":""Point"",""coordinates"":[-43.45994190912093,-16.0]}"
13_9,1994,-16,43208333333330000,-49,GO-14,"{""type"":""Point"",""coordinates"":[-43.45994190912093,-16.0]}"
13_10,1995,-16,43208333333330000,-49,GO-14,"{""type"":""Point"",""coordinates"":[-43.45994190912093,-16.0]}"
13_11,1996,-16,43208333333330000,-49,GO-14,"{""type"":""Point"",""coordinates"":[-43.45994190912093,-16.0]}"
13_12,1997,-16,43208333333330000,-49,GO-14,"{""type"":""Point"",""coordinates"":[-43.45994190912093,-16.0]}"
13_13,1998,-16,43208333333330000,-49,GO-14,"{""type"":""Point"",""coordinates"":[-43.45994190912093,-16.0]}"
13_14,1999,-16,43208333333330000,-49,GO-14,"{""type"":""Point"",""coordinates"":[-43.45994190912093,-16.0]}"
13_15,2000,-16,43208333333330000,-49,GO-14,"{""type"":""Point"",""coordinates"":[-43.45994190912093,-16.0]}"
13_16,2001,-16,43208333333330000,-49,GO-14,"{""type"":""Point"",""coordinates"":[-43.45994190912093,-16.0]}"
13_17,2002,-16,43208333333330000,-49,GO-14,"{""type"":""Point"",""coordinates"":[-43.45994190912093,-16.0]}"
13_18,2003,-16,43208333333330000,-49,GO-14,"{""type"":""Point"",""coordinates"":[-43.45994190912093,-16.0]}"
13_19,2004,-16,43208333333330000,-49,GO-14,"{""type"":""Point"",""coordinates"":[-43.45994190912093,-16.0]}"
13_20,2005,-16,43208333333330000,-49,GO-14,"{""type"":""Point"",""coordinates"":[-43.45994190912093,-16.0]}"
13_21,2006,-16,43208333333330000,-49,GO-14,"{""type"":""Point"",""coordinates"":[-43.45994190912093,-16.0]}"
13_22,2007,-16,43208333333330000,-49,GO-14,"{""type"":""Point"",""coordinates"":[-43.45994190912093,-16.0]}"
13_23,2008,-16,43208333333330000,-49,GO-14,"{""type"":""Point"",""coordinates"":[-43.45994190912093,-16.0]}"
13_24,2009,-16,43208333333330000,-49,GO-14,"{""type"":""Point"",""coordinates"":[-43.45994190912093,-16.0]}"
13_25,2010,-16,43208333333330000,-49,GO-14,"{""type"":""Point"",""coordinates"":[-43.45994190912093,-16.0]}"
13_26,2011,-16,43208333333330000,-49,GO-14,"{""type"":""Point"",""coordinates"":[-43.45994190912093,-16.0]}"
13_27,2012,-16,43208333333330000,-49,GO-14,"{""type"":""Point"",""coordinates"":[-43.45994190912093,-16.0]}"
13_28,2013,-16,43208333333330000,-49,GO-14,"{""type"":""Point"",""coordinates"":[-43.45994190912093,-16.0]}"
13_29,2014,-16,43208333333330000,-49,GO-14,"{""type"":""Point"",""coordinates"":[-43.45994190912093,-16.0]}"
13_30,2015,-16,43208333333330000,-49,GO-14,"{""type"":""Point"",""coordinates"":[-43.45994190912093,-16.0]}"
13_31,2016,-16,43208333333330000,-49,GO-14,"{""type"":""Point"",""coordinates"":[-43.45994190912093,-16.0]}"
13_32,2017,-16,43208333333330000,-49,GO-14,"{""type"":""Point"",""coordinates"":[-43.45994190912093,-16.0]}"
13_33,2018,-16,43208333333330000,-49,GO-14,"{""type"":""Point"",""coordinates"":[-43.45994190912093,-16.0]}"
13_34,2019,-16,43208333333330000,-49,GO-14,"{""type"":""Point"",""coordinates"":[-43.45994190912093,-16.0]}"
13_35,2020,-16,43208333333330000,-49,GO-14,"{""type"":""Point"",""coordinates"":[-43.45994190912093,-16.0]}"
